{"stat.useItem.minecraft.bow":1,"stat.useItem.srparasites.infestedstain":7,"stat.pickup.minecraft.bone":2,"stat.pickup.draconicevolution.draconium_dust":1,"stat.mineBlock.mysticalagriculture.miners_torch":1,"stat.leaveGame":6,"stat.pickup.srparasites.itemmobspawner_infhuman":1,"stat.pickup.exnihilocreatio.block_grinder":1,"stat.craftItem.microblockcbe.microblock":2,"stat.useItem.srparasites.itemmobspawner_host":1,"stat.killEntity.twilightforest.swarm_spider":1,"stat.useItem.actuallyadditions.item_fertilizer":2,"stat.useItem.minecraft.diamond_sword":159,"stat.swimOneCm":459,"stat.pickup.minecraft.enchanted_book":3,"stat.pickup.srparasites.itemmobspawner_infwolfhead":1,"stat.mineBlock.gravestone.gravestone":1,"stat.pickup.thermalexpansion.strongbox":1,"stat.useItem.thermalfoundation.upgrade":3,"stat.useItem.minecraft.dirt":4,"stat.useItem.minecraft.stone_slab2":203,"stat.useItem.betterbuilderswands.wandunbreakable":7,"stat.pickup.srparasites.ada_longarms_drop":3,"stat.pickup.srparasites.itemmobspawner_fercow":1,"stat.useItem.minecraft.water_bucket":11,"stat.pickup.harvestcraft.broccoliitem":1,"stat.killEntity.twilightforest.raven":1,"stat.pickup.srparasites.itemmobspawner_infplayerhead":1,"stat.drop.exnihilocreatio.item_ore_iron":3,"stat.flyOneCm":415386,"stat.mineBlock.minecraft.snow_layer":213,"stat.pickup.exnihilocreatio.item_ore_copper":3,"stat.pickup.srparasites.itemmobspawner_infdragone":1,"stat.timeSinceDeath":538859,"stat.useItem.srparasites.itemmobspawner_ranrac":90,"stat.hopperInspected":12,"stat.pickup.mod_lavacow.intestine":1,"stat.useItem.minecraft.sign":4,"stat.useItem.minecraft.spawn_egg":79,"stat.pickup.thaumcraft.crystal_ignis":1,"stat.pickup.mod_lavacow.ectoplasm":2,"stat.killEntity.mod_lavacow.parasite":1,"stat.pickup.projectred-core.resource_item":3,"stat.useItem.srparasites.itemmobspawner_hostii":1,"stat.pickup.srparasites.lurecomponent4":1,"stat.pickup.actuallyadditions.item_solidified_experience":8,"stat.pickup.minecraft.string":1,"stat.pickup.ae2wtlib.infinity_booster_card":1,"stat.pickup.srparasites.itemmobspawner_infsquid":1,"stat.pickup.exnihilocreatio.item_ore_aluminium":1,"stat.pickup.mysticalagradditions.stuff":8,"stat.pickup.avaritia.infinity_sword":1,"stat.killEntity.mod_lavacow.ghostray":1,"stat.pickup.exnihilocreatio.item_ore_iron":18,"stat.craftItem.tconstruct.tooltables":2,"stat.sprintOneCm":174022,"stat.pickup.minecraft.skull":1,"stat.killEntity.mod_lavacow.vespa":1,"stat.pickup.srparasites.itemmobspawner_infhorse":1,"stat.pickup.minecraft.spawn_egg":2,"stat.pickup.srparasites.itemmobspawner_infsheephead":1,"stat.deaths":1,"stat.drop":5,"stat.playOneMinute":543688,"stat.pickup.thaumcraft.crystal_terra":1,"stat.craftItem.actuallyadditions.item_misc":83,"stat.pickup.srparasites.itemmobspawner_infsheep":1,"stat.pickup.srparasites.itemmobspawner_infcowhead":1,"stat.pickup.minecraft.snowball":418,"stat.pickup.srparasites.itemmobspawner_infwolf":1,"stat.pickup.immersiveengineering.shader_bag":1,"stat.useItem.avaritia.infinity_sword":53,"stat.useItem.srparasites.itemmobspawner_shycoadapted":12,"stat.mineBlock.minecraft.tallgrass":10,"stat.killEntity.mod_lavacow.raven":31,"stat.chestOpened":150,"stat.useItem.srparasites.itemmobspawner_nuuh":1,"stat.pickup.srparasites.itemmobspawner_infplayer":1,"stat.mineBlock.botania.doubleflower2":3,"stat.useItem.srparasites.itemmobspawner_lencia":2,"stat.pickup.minecraft.gravel":1,"stat.useItem.srparasites.itemmobspawner_elvia":1,"stat.pickup.draconicevolution.dragon_heart":1,"stat.killEntity.mod_lavacow.ptera":1,"stat.pickup.microblockcbe.microblock":38,"stat.useItem.srparasites.itemmobspawner_mes":1,"stat.useItem.srparasites.itemmobspawner_hiblaze":1,"stat.killEntity.mod_lavacow.lavacow":1,"stat.pickup.srparasites.itemmobspawner_infcow":1,"stat.jump":381,"stat.pickup.tp.birthday_pickaxe":1,"stat.useItem.tp.bsc_diamond_sword":322,"stat.pickup.harvestcraft.garliccoinitem":35,"stat.pickup.minecraft.coal":2,"stat.fallOneCm":1682,"stat.killEntity.robot":1,"stat.pickup.srparasites.itemmobspawner_infpig":1,"stat.crouchOneCm":7666,"stat.pickup.minecraft.spider_eye":1,"stat.pickup.harvestcraft.caulifloweritem":1,"stat.useItem.microblockcbe.microblock":107,"stat.pickup.minecraft.dirt":56,"stat.mineBlock.harvestcraft.frostgarden":16,"stat.craftingTableInteraction":13,"stat.useItem.tp.bsc_diamond_axe":33,"stat.useItem.srparasites.itemmobspawner_nogla":1,"stat.craftItem.exnihilocreatio.item_ore_iron":16,"stat.damageTaken":636,"stat.pickup.srparasites.itemmobspawner_infhorsehead":1,"stat.pickup.srparasites.itemmobspawner_ferbear":1,"stat.pickup.srparasites.itemmobspawner_infvillager":1,"stat.pickup.srparasites.assimilated_flesh":1,"stat.pickup.ebwizardry.crystal_flower":2,"stat.useItem.srparasites.itemmobspawner_hiskeleton":1,"stat.pickup.mod_lavacow.chitin":1,"stat.pickup.mysticalagriculture.crafting":14,"stat.pickup.minecraft.dye":1,"stat.pickup.srparasites.itemmobspawner_infbear":1,"stat.pickup.srparasites.itemmobspawner_dorpa":1,"stat.pickup.srparasites.itemmobspawner_inhoom":1,"stat.pickup.minecraft.wheat_seeds":3,"stat.pickup.mod_lavacow.silky_sludge":3,"stat.pickup.srparasites.itemmobspawner_inhoos":1,"stat.pickup.tp.dragon_scale":13,"stat.damageDealt":13496,"stat.pickup.srparasites.itemmobspawner_infhumanhead":1,"stat.pickup.srparasites.itemmobspawner_ferhuman":1,"stat.pickup.mod_lavacow.mossy_stick":2,"stat.pickup.harvestcraft.oatsitem":1,"stat.pickup.actuallyadditions.item_canola_seed":1,"stat.killEntity.Cow":2,"stat.mineBlock.minecraft.dirt":103,"stat.killEntity.MindSpider":1,"stat.pickup.exnihilocreatio.item_mesh":1,"stat.walkOneCm":351836,"stat.pickup.srparasites.itemmobspawner_hostii":1,"stat.pickup.mod_lavacow.vespa_carapace":1,"stat.pickup.mod_lavacow.poisonstinger":1,"stat.pickup.srparasites.itemmobspawner_infendermanhead":1,"stat.killEntity.mod_lavacow.mummy":1,"stat.pickup.minecraft.iron_hoe":5,"stat.pickup.minecraft.log":20,"stat.pickup.mod_lavacow.feather_black":18,"stat.pickup.srparasites.itemmobspawner_infenderman":1,"stat.killEntity.twilightforest.hedge_spider":1,"stat.pickup.minecraft.apple":3,"stat.killEntity.mod_lavacow.sludgelord":1,"stat.pickup.srparasites.itemmobspawner_host":1,"stat.mineBlock.srparasites.infestremain":2,"stat.pickup.thaumcraft.crystal_perditio":2,"stat.mobKills":64,"stat.pickup.srparasites.itemmobspawner_ferenderman":1,"stat.mineBlock.minecraft.log":12,"stat.killEntity.dread_knight":1,"stat.mineBlock.minecraft.leaves":5,"stat.pickup.ftbquests.lootcrate":2,"stat.pickup.srparasites.itemmobspawner_infpighead":1,"stat.pickup.srparasites.itemmobspawner_infdragonehead":1,"stat.sneakTime":3728,"stat.pickup.minecraft.lava_bucket":34,"stat.pickup.srparasites.itemmobspawner_infvillagerhead":1,"stat.pickup.harvestcraft.beetitem":1,"stat.useItem.randomthings.timeinabottle":7,"stat.pickup.mod_lavacow.moltenbeef":2}