{"stat.useItem.minecraft.bow":1,"stat.useItem.srparasites.infestedstain":7,"stat.pickup.minecraft.bone":2,"stat.leaveGame":5,"stat.pickup.srparasites.itemmobspawner_infhuman":1,"stat.useItem.srparasites.itemmobspawner_host":1,"stat.killEntity.twilightforest.swarm_spider":1,"stat.useItem.minecraft.diamond_sword":159,"stat.pickup.mwc.ak50mag":1,"stat.pickup.minecraft.enchanted_book":3,"stat.pickup.srparasites.itemmobspawner_infwolfhead":1,"stat.mineBlock.gravestone.gravestone":1,"stat.useItem.thermalfoundation.upgrade":3,"stat.useItem.minecraft.dirt":4,"stat.useItem.minecraft.stone_slab2":121,"stat.useItem.betterbuilderswands.wandunbreakable":3,"stat.pickup.srparasites.ada_longarms_drop":3,"stat.pickup.srparasites.itemmobspawner_fercow":1,"stat.pickup.harvestcraft.broccoliitem":1,"stat.killEntity.twilightforest.raven":1,"stat.pickup.srparasites.itemmobspawner_infplayerhead":1,"stat.flyOneCm":262464,"stat.pickup.srparasites.itemmobspawner_infdragone":1,"stat.timeSinceDeath":389039,"stat.useItem.srparasites.itemmobspawner_ranrac":90,"stat.pickup.mod_lavacow.intestine":1,"stat.useItem.minecraft.sign":4,"stat.useItem.minecraft.spawn_egg":79,"stat.pickup.mod_lavacow.ectoplasm":2,"stat.killEntity.mod_lavacow.parasite":1,"stat.useItem.srparasites.itemmobspawner_hostii":1,"stat.pickup.srparasites.lurecomponent4":1,"stat.pickup.actuallyadditions.item_solidified_experience":8,"stat.pickup.minecraft.string":1,"stat.pickup.srparasites.itemmobspawner_infsquid":1,"stat.pickup.avaritia.infinity_sword":1,"stat.killEntity.mod_lavacow.ghostray":1,"stat.sprintOneCm":83738,"stat.pickup.minecraft.skull":1,"stat.killEntity.mod_lavacow.vespa":1,"stat.pickup.srparasites.itemmobspawner_infhorse":1,"stat.pickup.minecraft.spawn_egg":2,"stat.pickup.srparasites.itemmobspawner_infsheephead":1,"stat.deaths":1,"stat.drop":2,"stat.playOneMinute":393866,"stat.pickup.srparasites.itemmobspawner_infsheep":1,"stat.pickup.mwc.ak100mag":2,"stat.pickup.srparasites.itemmobspawner_infcowhead":1,"stat.pickup.srparasites.itemmobspawner_infwolf":1,"stat.useItem.avaritia.infinity_sword":51,"stat.useItem.srparasites.itemmobspawner_shycoadapted":11,"stat.killEntity.mod_lavacow.raven":31,"stat.chestOpened":131,"stat.useItem.srparasites.itemmobspawner_nuuh":1,"stat.pickup.srparasites.itemmobspawner_infplayer":1,"stat.mineBlock.botania.doubleflower2":3,"stat.useItem.srparasites.itemmobspawner_lencia":2,"stat.useItem.srparasites.itemmobspawner_elvia":1,"stat.killEntity.mod_lavacow.ptera":1,"stat.useItem.srparasites.itemmobspawner_mes":1,"stat.useItem.srparasites.itemmobspawner_hiblaze":1,"stat.killEntity.mod_lavacow.lavacow":1,"stat.pickup.srparasites.itemmobspawner_infcow":1,"stat.jump":263,"stat.pickup.tp.birthday_pickaxe":1,"stat.pickup.harvestcraft.garliccoinitem":35,"stat.fallOneCm":1140,"stat.killEntity.robot":1,"stat.pickup.srparasites.itemmobspawner_infpig":1,"stat.crouchOneCm":5637,"stat.pickup.minecraft.spider_eye":1,"stat.pickup.minecraft.dirt":3,"stat.mineBlock.harvestcraft.frostgarden":1,"stat.useItem.srparasites.itemmobspawner_nogla":1,"stat.drop.mwc.ak50mag":1,"stat.damageTaken":600,"stat.pickup.srparasites.itemmobspawner_infhorsehead":1,"stat.pickup.srparasites.itemmobspawner_ferbear":1,"stat.pickup.srparasites.itemmobspawner_infvillager":1,"stat.pickup.srparasites.assimilated_flesh":1,"stat.pickup.ebwizardry.crystal_flower":2,"stat.useItem.srparasites.itemmobspawner_hiskeleton":1,"stat.pickup.mod_lavacow.chitin":1,"stat.pickup.mysticalagriculture.crafting":10,"stat.pickup.srparasites.itemmobspawner_infbear":1,"stat.pickup.srparasites.itemmobspawner_dorpa":1,"stat.pickup.srparasites.itemmobspawner_inhoom":1,"stat.pickup.minecraft.wheat_seeds":1,"stat.pickup.mod_lavacow.silky_sludge":3,"stat.pickup.srparasites.itemmobspawner_inhoos":1,"stat.damageDealt":13425,"stat.pickup.srparasites.itemmobspawner_infhumanhead":1,"stat.pickup.srparasites.itemmobspawner_ferhuman":1,"stat.pickup.mod_lavacow.mossy_stick":2,"stat.pickup.harvestcraft.oatsitem":1,"stat.killEntity.Cow":2,"stat.mineBlock.minecraft.dirt":3,"stat.killEntity.MindSpider":1,"stat.walkOneCm":257096,"stat.pickup.srparasites.itemmobspawner_hostii":1,"stat.pickup.mod_lavacow.vespa_carapace":1,"stat.pickup.mod_lavacow.poisonstinger":1,"stat.pickup.srparasites.itemmobspawner_infendermanhead":1,"stat.killEntity.mod_lavacow.mummy":1,"stat.pickup.minecraft.log":8,"stat.pickup.mod_lavacow.feather_black":18,"stat.pickup.srparasites.itemmobspawner_infenderman":1,"stat.killEntity.twilightforest.hedge_spider":1,"stat.killEntity.mod_lavacow.sludgelord":1,"stat.pickup.srparasites.itemmobspawner_host":1,"stat.mineBlock.srparasites.infestremain":2,"stat.mobKills":62,"stat.pickup.srparasites.itemmobspawner_ferenderman":1,"stat.killEntity.dread_knight":1,"stat.pickup.ftbquests.lootcrate":2,"stat.pickup.srparasites.itemmobspawner_infpighead":1,"stat.pickup.srparasites.itemmobspawner_infdragonehead":1,"stat.sneakTime":2669,"stat.pickup.minecraft.lava_bucket":34,"stat.pickup.srparasites.itemmobspawner_infvillagerhead":1,"stat.drop.mwc.ak100mag":1,"stat.pickup.mod_lavacow.moltenbeef":2}