{"stat.flyOneCm":232563,"stat.walkOneCm":41169,"stat.jump":46,"stat.swimOneCm":8,"stat.useItem.minecraft.wooden_hoe":43,"stat.playOneMinute":48873,"stat.pickup.actuallyadditions.item_worm":2,"stat.pickup.harvestcraft.riceitem":39,"stat.useItem.projectred-illumination.fallout_lamp":6,"stat.leaveGame":1,"stat.sneakTime":1391,"stat.crouchOneCm":1791,"stat.timeSinceDeath":48873,"stat.pickup.projectred-illumination.lamp":1,"stat.pickup.harvestcraft.cornitem":182,"stat.sprintOneCm":15963,"stat.useItem.minecraft.stone_slab2":1087,"stat.useItem.minecraft.water_bucket":2}