{"stat.chestOpened":80,"stat.leaveGame":6,"stat.useItem.minecraft.sponge":3,"stat.killEntity.Slime":10,"stat.pickup.harvestcraft.potitem":1,"stat.pickup.harvestcraft.ryeitem":806,"stat.pickup.mw.shotgun12gauge":40,"stat.pickup.harvestcraft.mixingbowlitem":1,"stat.pickup.harvestcraft.bakewareitem":1,"stat.drop.minecraft.sponge":2,"stat.jump":494,"stat.swimOneCm":51,"stat.useItem.minecraft.wooden_hoe":43,"stat.pickup.minecraft.coal":64,"stat.fallOneCm":1883,"stat.pickup.minecraft.carrot":3,"stat.crouchOneCm":4924,"stat.killEntity.Rooster":3,"stat.mineBlock.gravestone.gravestone":5,"stat.pickup.harvestcraft.porksausageitem":1,"stat.useItem.minecraft.stone_slab2":1390,"stat.useItem.cookingforblockheads.ice_unit":1,"stat.useItem.betterbuilderswands.wandunbreakable":1,"stat.useItem.harvestcraft.barleyitem":3,"stat.useItem.minecraft.water_bucket":2,"stat.pickup.srparasites.ada_longarms_drop":1,"stat.useItem.srparasites.itemmobspawner_banoadapted":1,"stat.craftingTableInteraction":1,"stat.craftItem.harvestcraft.freshwateritem":9,"stat.killEntity.Donkey":3,"stat.useItem.cookingforblockheads.preservation_chamber":1,"stat.damageTaken":1354,"stat.pickup.projectred-illumination.lamp":1,"stat.pickup.mw.mp43e":1,"stat.pickup.minecraft.diamond_leggings":1,"stat.craftItem.harvestcraft.bubblywateritem":5,"stat.flyOneCm":909636,"stat.pickup.harvestcraft.radishitem":1,"stat.pickup.minecraft.wheat_seeds":6,"stat.pickup.harvestcraft.mortarandpestleitem":1,"stat.pickup.minecraft.potato":2,"stat.craftItem.harvestcraft.doughitem":1,"stat.killEntity.Villager":1,"stat.damageDealt":5782,"stat.timeSinceDeath":258415,"stat.killEntity.Cow":4,"stat.useItem.minecraft.spawn_egg":16,"stat.killEntity.Pig":1,"stat.pickup.mod_lavacow.ectoplasm":1,"stat.useItem.mw.item.mclaren_senna":1,"stat.walkOneCm":217889,"stat.trappedChestTriggered":1,"stat.pickup.actuallyadditions.item_worm":2,"stat.pickup.harvestcraft.riceitem":749,"stat.craftItem.harvestcraft.cheeseitem":1,"stat.craftItem.harvestcraft.butteritem":2,"stat.furnaceInteraction":1,"stat.craftItem.harvestcraft.flouritem":6,"stat.pickup.harvestcraft.juiceritem":1,"stat.pickup.mekanism.salt":59,"stat.pickup.harvestcraft.cornitem":182,"stat.useItem.minecraft.lava_bucket":1,"stat.pickup.harvestcraft.bubblywateritem":5,"stat.pickup.harvestcraft.skilletitem":1,"stat.pickup.srparasites.lurecomponent4":1,"stat.pickup.minecraft.sponge":5,"stat.pickup.harvestcraft.bolognaitem":1,"stat.pickup.harvestcraft.turnipitem":1,"stat.useItem.projectred-illumination.fallout_lamp":6,"stat.pickup.srparasites.itemmobspawner_shycoadapted":1,"stat.craftItem.harvestcraft.softpretzelitem":1,"stat.useItem.translocators.translocator_part":2,"stat.craftItem.tconstruct.tooltables":1,"stat.sprintOneCm":98426,"stat.pickup.minecraft.skull":12,"stat.pickup.cookingforblockheads.preservation_chamber":1,"stat.pickup.harvestcraft.freshwateritem":2,"stat.pickup.minecraft.beetroot":2,"stat.pickup.harvestcraft.parsnipitem":1,"stat.pickup.translocators.translocator_part":2,"stat.mineBlock.minecraft.sponge":3,"stat.pickup.harvestcraft.butteritem":1,"stat.pickup.harvestcraft.saucepanitem":1,"stat.killEntity.Chicken":3,"stat.pickup.harvestcraft.barleyitem":798,"stat.useItem.betterbuilderswands.wanddiamond":5,"stat.pickup.minecraft.diamond_helmet":1,"stat.pickup.harvestcraft.rutabagaitem":1,"stat.mobKills":43,"stat.pickup.minecraft.diamond_chestplate":1,"stat.pickup.minecraft.diamond_boots":1,"stat.pickup.harvestcraft.flouritem":5,"stat.deaths":6,"stat.drop":2,"stat.pickup.cookingforblockheads.ice_unit":1,"stat.playOneMinute":1119823,"stat.useItem.mw.item.audis4":1,"stat.killEntity.Sheep":8,"stat.craftItem.harvestcraft.heavycreamitem":2,"stat.sneakTime":3505,"stat.pickup.harvestcraft.beetitem":1,"stat.useItem.avaritia.infinity_sword":6,"stat.useItem.srparasites.itemmobspawner_shycoadapted":28,"stat.pickup.minecraft.wheat":64}