{"stat.useItem.minecraft.bow":19,"stat.pickup.mod_lavacow.frozenthigh":1,"stat.walkOneCm":120294,"stat.pickup.hatchery.chickenmanure":5,"stat.pickup.immersiveengineering.seed":1,"stat.pickup.minecraft.bone":2,"stat.killEntity.BrainyZombie":1,"stat.pickup.minecraft.stick":1,"stat.leaveGame":1,"stat.pickup.minecraft.arrow":6,"stat.killEntity.ebwizardry:ice_wraith":3,"stat.pickup.srparasites.lurecomponent2":3,"stat.pickup.srparasites.lurecomponent1":3,"stat.killEntity.Creeper":1,"stat.useItem.minecraft.diamond_sword":79,"stat.useItem.twilightforest.cooked_meef":3,"stat.pickup.actuallyadditions.item_solidified_experience":8,"stat.pickup.minecraft.string":6,"stat.jump":361,"stat.swimOneCm":1024,"stat.useItem.epicfight.greatsword":23,"stat.fallOneCm":1934,"stat.pickup.minecraft.beef":27,"stat.entityKilledBy.ebwizardry:ice_wraith":1,"stat.entityKilledBy.Skeleton":1,"stat.pickup.minecraft.glowstone_dust":1,"stat.useItem.cyclicmagic.crystal_sword":2,"stat.pickup.minecraft.porkchop":23,"stat.crouchOneCm":1094,"stat.pickup.minecraft.chicken":3,"stat.killEntity.if_troll":1,"stat.pickup.minecraft.spider_eye":3,"stat.pickup.projecte.item.pe_rm_sword":1,"stat.pickup.minecraft.sapling":2,"stat.sprintOneCm":114659,"stat.useItem.cyclicmagic.sword_slowness":1,"stat.pickup.minecraft.rotten_flesh":13,"stat.killEntity.Skeleton":4,"stat.killEntity.Chicken":3,"stat.pickup.minecraft.leather":10,"stat.pickup.minecraft.feather":3,"stat.damageTaken":571,"stat.killEntity.Spider":8,"stat.useItem.epicfight.katana":46,"stat.killEntity.Enderman":1,"stat.mobKills":85,"stat.pickup.srparasites.assimilated_flesh":1,"stat.pickup.ebwizardry.crystal_flower":1,"stat.pickup.mysticalagriculture.crafting":14,"stat.flyOneCm":90670,"stat.deaths":2,"stat.pickup.minecraft.egg":1,"stat.pickup.ftbquests.lootcrate":3,"stat.playOneMinute":30924,"stat.pickup.biomesoplenty.dirt":14,"stat.killEntity.Witch":1,"stat.pickup.ebwizardry.ruined_spell_book":1,"stat.killEntity.Sheep":3,"stat.pickup.thaumcraft.brain":1,"stat.sneakTime":440,"stat.useItem.minecraft.stone_sword":8,"stat.pickup.minecraft.wool":3,"stat.damageDealt":2702,"stat.killEntity.Zombie":11,"stat.timeSinceDeath":7949,"stat.pickup.minecraft.snowball":21,"stat.pickup.minecraft.yellow_flower":9,"stat.killEntity.Cow":27,"stat.useItem.cyclicmagic.sword_ender":1,"stat.pickup.mod_lavacow.intestine":4,"stat.killEntity.Pig":11,"stat.diveOneCm":7834,"stat.pickup.minecraft.mutton":5,"stat.killEntity.mod_lavacow.zombiefrozen":1}