{"stat.useItem.minecraft.bow":1,"stat.useItem.botania.livingwoodbow":4,"stat.useItem.srparasites.infestedstain":7,"stat.pickup.draconicevolution.draconium_dust":1,"stat.leaveGame":9,"stat.pickup.exnihilocreatio.block_grinder":1,"stat.pickup.extrautils2.redorchid":1,"stat.craftItem.microblockcbe.microblock":2,"stat.useItem.srparasites.itemmobspawner_host":1,"stat.killEntity.twilightforest.swarm_spider":1,"stat.craftItem.projectred-integration.gate":2,"stat.pickup.tp.raspberry_berry":1,"stat.pickup.srparasites.itemmobspawner_infwolfhead":1,"stat.mineBlock.gravestone.gravestone":1,"stat.useItem.thermalfoundation.upgrade":3,"stat.useItem.harvestcraft.chocolatesprinklecakeitem":1,"stat.useItem.betterbuilderswands.wandunbreakable":20,"stat.pickup.srparasites.ada_longarms_drop":4,"stat.useItem.minecraft.water_bucket":16,"stat.useItem.minecraft.diamond_hoe":4,"stat.killEntity.twilightforest.raven":1,"stat.mineBlock.minecraft.snow_layer":213,"stat.pickup.exnihilocreatio.item_ore_copper":3,"stat.useItem.srparasites.itemmobspawner_ranrac":90,"stat.hopperInspected":15,"stat.pickup.mod_lavacow.intestine":1,"stat.useItem.minecraft.spawn_egg":95,"stat.pickup.mod_lavacow.ectoplasm":2,"stat.pickup.projectred-core.resource_item":372,"stat.mineBlock.botania.flower":7,"stat.pickup.harvestcraft.spinachitem":7,"stat.pickup.srparasites.lurecomponent4":1,"stat.pickup.actuallyadditions.item_solidified_experience":9,"stat.pickup.immersiveengineering.metal_multiblock":1,"stat.pickup.mysticalagradditions.stuff":8,"stat.killEntity.mod_lavacow.ghostray":1,"stat.pickup.exnihilocreatio.item_ore_iron":18,"stat.pickup.minecraft.skull":1,"stat.killEntity.mod_lavacow.vespa":1,"stat.pickup.projectred-transmission.framed_wire":1,"stat.useItem.minecraft.flint_and_steel":1,"stat.pickup.srparasites.itemmobspawner_infhorse":1,"stat.useItem.immersiveengineering.metal_multiblock":8,"stat.pickup.srparasites.itemmobspawner_infsheephead":1,"stat.pickup.minecraft.lever":7,"stat.deaths":1,"stat.playOneMinute":1236123,"stat.pickup.thaumcraft.crystal_terra":1,"stat.pickup.srparasites.itemmobspawner_infcowhead":1,"stat.useItem.srparasites.itemmobspawner_shycoadapted":23,"stat.mineBlock.minecraft.tallgrass":716,"stat.killEntity.mod_lavacow.raven":31,"stat.pickup.harvestcraft.cottonitem":3,"stat.chestOpened":172,"stat.useItem.srparasites.itemmobspawner_nuuh":1,"stat.useItem.minecraft.splash_potion":26,"stat.pickup.srparasites.itemmobspawner_infplayer":1,"stat.pickup.appliedenergistics2.grindstone":1,"stat.useItem.srparasites.itemmobspawner_elvia":1,"stat.useItem.actuallyadditions.item_food":2,"stat.useItem.srparasites.itemmobspawner_hiblaze":1,"stat.pickup.minecraft.gold_nugget":58,"stat.useItem.minecraft.clay":24,"stat.killEntity.mod_lavacow.lavacow":1,"stat.pickup.srparasites.itemmobspawner_infcow":1,"stat.useItem.exnihilocreatio.crook_stone":6,"stat.useItem.minecraft.experience_bottle":23,"stat.fallOneCm":15912,"stat.killEntity.robot":1,"stat.pickup.srparasites.itemmobspawner_infpig":1,"stat.crouchOneCm":17328,"stat.pickup.actuallyadditions.item_food":64,"stat.pickup.harvestcraft.caulifloweritem":3,"stat.useItem.microblockcbe.microblock":107,"stat.mineBlock.minecraft.lever":2,"stat.pickup.actuallyadditions.block_phantomface":1,"stat.craftingTableInteraction":13,"stat.pickup.minecraft.repeater":1,"stat.pickup.projectred-expansion.plan":1,"stat.pickup.srparasites.itemmobspawner_infhorsehead":1,"stat.pickup.minecraft.dye":1,"stat.pickup.srparasites.itemmobspawner_infbear":1,"stat.pickup.srparasites.itemmobspawner_dorpa":1,"stat.pickup.minecraft.wheat_seeds":11,"stat.pickup.tp.dragon_scale":13,"stat.mineBlock.minecraft.dirt":307,"stat.killEntity.MindSpider":1,"stat.useItem.projectred-illumination.inverted_fixture_light":4,"stat.pickup.exnihilocreatio.item_mesh":1,"stat.pickup.immersiveengineering.seed":1,"stat.pickup.mod_lavacow.vespa_carapace":1,"stat.pickup.minecraft.crafting_table":1,"stat.craftItem.minecraft.crafting_table":2,"stat.pickup.srparasites.itemmobspawner_infendermanhead":1,"stat.useItem.projectred-transmission.framed_wire":7,"stat.pickup.minecraft.iron_hoe":5,"stat.pickup.harvestcraft.peasitem":4,"stat.pickup.minecraft.log":28,"stat.pickup.immersiveengineering.bullet":31,"stat.pickup.mekanism.machineblock":1,"stat.killEntity.twilightforest.hedge_spider":1,"stat.pickup.minecraft.sapling":6,"stat.pickup.harvestcraft.cocoapowderitem":1,"stat.pickup.minecraft.apple":5,"stat.killEntity.mod_lavacow.sludgelord":1,"stat.pickup.srparasites.itemmobspawner_host":1,"stat.pickup.harvestcraft.rutabagaitem":3,"stat.mineBlock.minecraft.log":20,"stat.killEntity.dread_knight":1,"stat.useItem.randomthings.beanstew":1,"stat.pickup.srparasites.itemmobspawner_infpighead":1,"stat.pickup.srparasites.itemmobspawner_infdragonehead":1,"stat.sneakTime":8025,"stat.pickup.minecraft.wool":4,"stat.pickup.srparasites.itemmobspawner_infvillagerhead":1,"stat.pickup.hatchery.feather_meal":1,"stat.cakeSlicesEaten":11,"stat.pickup.hatchery.digester_generator":1,"stat.pickup.minecraft.bone":2,"stat.pickup.minecraft.stone_pressure_plate":3,"stat.mineBlock.mysticalagriculture.miners_torch":1,"stat.pickup.srparasites.itemmobspawner_infhuman":1,"stat.useItem.actuallyadditions.item_fertilizer":2,"stat.useItem.minecraft.diamond_sword":163,"stat.pickup.actuallyadditions.item_fertilizer":7,"stat.pickup.mw.sulfurdust":3,"stat.swimOneCm":1879,"stat.pickup.minecraft.enchanted_book":3,"stat.mineBlock.mw.sulfurore":1,"stat.pickup.thermalexpansion.machine":1,"stat.pickup.thermalexpansion.strongbox":1,"stat.useItem.minecraft.obsidian":3,"stat.useItem.minecraft.dirt":31,"stat.useItem.minecraft.cookie":1,"stat.useItem.minecraft.stone_slab2":881,"stat.pickup.srparasites.itemmobspawner_fercow":1,"stat.pickup.projectred-illumination.inverted_fixture_light":3,"stat.pickup.harvestcraft.broccoliitem":6,"stat.pickup.srparasites.itemmobspawner_infplayerhead":1,"stat.drop.exnihilocreatio.item_ore_iron":3,"stat.flyOneCm":959836,"stat.pickup.minecraft.redstone":66,"stat.useItem.immersiveengineering.cloth_device":2,"stat.pickup.srparasites.itemmobspawner_infdragone":1,"stat.timeSinceDeath":1231294,"stat.useItem.minecraft.sign":4,"stat.pickup.thaumcraft.crystal_ignis":1,"stat.pickup.minecraft.mutton":6,"stat.drop.hatchery.feather_meal":1,"stat.killEntity.mod_lavacow.parasite":1,"stat.pickup.hatchery.chickenmanure":7,"stat.pickup.projectred-transmission.wire":158,"stat.useItem.minecraft.lever":4,"stat.useItem.minecraft.potato":1,"stat.useItem.srparasites.itemmobspawner_hostii":1,"stat.useItem.projectred-transmission.wire":181,"stat.pickup.minecraft.string":1,"stat.pickup.ae2wtlib.infinity_booster_card":1,"stat.pickup.actuallyadditions.block_grinder":1,"stat.pickup.srparasites.itemmobspawner_infsquid":1,"stat.pickup.exnihilocreatio.item_ore_aluminium":1,"stat.pickup.avaritia.infinity_sword":1,"stat.craftItem.tconstruct.tooltables":2,"stat.sprintOneCm":277980,"stat.pickup.actuallyadditions.item_misc":11,"stat.useItem.minecraft.diamond_pickaxe":1,"stat.pickup.harvestcraft.flouritem":1,"stat.pickup.botania.flower":3,"stat.pickup.minecraft.spawn_egg":2,"stat.drop":36,"stat.craftItem.actuallyadditions.item_misc":278,"stat.pickup.minecraft.stone_button":3,"stat.pickup.srparasites.itemmobspawner_infsheep":1,"stat.killEntity.Sheep":2,"stat.pickup.minecraft.snowball":418,"stat.pickup.srparasites.itemmobspawner_infwolf":1,"stat.pickup.immersiveengineering.shader_bag":1,"stat.useItem.avaritia.infinity_sword":53,"stat.pickup.projectred-fabrication.ic_blueprint":5,"stat.mineBlock.botania.doubleflower2":7,"stat.mineBlock.botania.doubleflower1":1,"stat.useItem.srparasites.itemmobspawner_lencia":2,"stat.pickup.minecraft.gravel":1,"stat.pickup.draconicevolution.dragon_heart":1,"stat.killEntity.mod_lavacow.ptera":1,"stat.pickup.microblockcbe.microblock":38,"stat.useItem.srparasites.itemmobspawner_mes":1,"stat.pickup.harvestcraft.ryeitem":5,"stat.pickup.harvestcraft.bakewareitem":1,"stat.jump":1064,"stat.pickup.tp.birthday_pickaxe":1,"stat.useItem.tp.bsc_diamond_sword":322,"stat.pickup.harvestcraft.garliccoinitem":35,"stat.pickup.minecraft.coal":2,"stat.pickup.minecraft.spider_eye":1,"stat.useItem.projectred-integration.gate":28,"stat.pickup.minecraft.dirt":208,"stat.mineBlock.harvestcraft.frostgarden":112,"stat.useItem.tp.bsc_diamond_axe":33,"stat.useItem.srparasites.itemmobspawner_nogla":1,"stat.craftItem.exnihilocreatio.item_ore_iron":16,"stat.damageTaken":1316,"stat.pickup.srparasites.itemmobspawner_ferbear":1,"stat.useItem.minecraft.gold_block":1,"stat.pickup.srparasites.itemmobspawner_infvillager":1,"stat.pickup.srparasites.assimilated_flesh":1,"stat.noteblockTuned":1222,"stat.pickup.ebwizardry.crystal_flower":2,"stat.useItem.srparasites.itemmobspawner_hiskeleton":1,"stat.pickup.mod_lavacow.chitin":1,"stat.pickup.mw.sulfurore":1,"stat.pickup.mysticalagriculture.crafting":15,"stat.pickup.srparasites.itemmobspawner_inhoom":1,"stat.pickup.minecraft.potato":14,"stat.pickup.mod_lavacow.silky_sludge":3,"stat.pickup.srparasites.itemmobspawner_inhoos":1,"stat.damageDealt":13681,"stat.useItem.immersiveengineering.metal_device1":13,"stat.pickup.srparasites.itemmobspawner_infhumanhead":1,"stat.pickup.srparasites.itemmobspawner_ferhuman":1,"stat.craftItem.minecraft.baked_potato":4,"stat.pickup.mod_lavacow.mossy_stick":2,"stat.pickup.harvestcraft.oatsitem":5,"stat.pickup.actuallyadditions.item_canola_seed":70,"stat.killEntity.Cow":2,"stat.walkOneCm":647093,"stat.pickup.ceramics.clay_bucket":1,"stat.pickup.srparasites.itemmobspawner_hostii":1,"stat.pickup.harvestcraft.cabbageitem":1,"stat.pickup.mod_lavacow.poisonstinger":1,"stat.useItem.mysticalagradditions.supremium_paxel":258,"stat.useItem.minecraft.lava_bucket":3,"stat.killEntity.mod_lavacow.mummy":1,"stat.drop.actuallyadditions.item_misc":25,"stat.pickup.harvestcraft.celeryitem":4,"stat.useItem.actuallyadditions.item_phantom_connector":9,"stat.pickup.mod_lavacow.feather_black":18,"stat.pickup.srparasites.itemmobspawner_infenderman":1,"stat.useItem.tp.c_axe":64,"stat.pickup.minecraft.baked_potato":63,"stat.useItem.actuallyadditions.item_coffee":1,"stat.useItem.projectred-expansion.solar_panel":2,"stat.mineBlock.srparasites.infestremain":2,"stat.pickup.thaumcraft.crystal_perditio":2,"stat.pickup.minecraft.bread":64,"stat.mobKills":66,"stat.useItem.twilightforest.experiment_115":1,"stat.pickup.srparasites.itemmobspawner_ferenderman":1,"stat.drop.actuallyadditions.item_canola_seed":5,"stat.mineBlock.tp.blackberry_bush":1,"stat.mineBlock.minecraft.leaves":53,"stat.pickup.ftbquests.lootcrate":2,"stat.pickup.harvestcraft.raspberryitem":2,"stat.pickup.enderio.block_simple_sag_mill":1,"stat.pickup.minecraft.lava_bucket":34,"stat.pickup.harvestcraft.beetitem":5,"stat.useItem.randomthings.timeinabottle":26,"stat.pickup.mod_lavacow.moltenbeef":2}